{"timestamps": [1575512612.966357, 1575512624.550566, 1575512628.774331, 1575512634.62075, 1575512641.636294, 1575512647.191366, 1575512656.832861, 1575512660.058807, 1575512673.651583, 1575512678.941953, 1575512699.087333, 1575512715.464809, 1575512767.567516, 1575512792.05869, 1575512833.509318, 1575512864.881963, 1575512875.660016, 1575512888.248794, 1575512901.924079, 1575512912.199715, 1575512957.736097, 1575512980.054816, 1575513003.186422, 1575513017.942389], "initial_reset_timestamp": 1575512610.805628, "episode_types": ["t", "t", "t", "t", "t", "t", "t", "t", "t", "t", "t", "t", "t", "t", "t", "t", "t", "t", "t", "t", "t", "t", "t", "t", "t"], "episode_lengths": [3, 9, 9, 19, 8, 8, 3, 6, 26, 8, 45, 12, 86, 29, 64, 46, 21, 19, 18, 15, 70, 26, 19, 18], "episode_rewards": [-1620.0, -2720.0, -2220.0, -2220.0, -2820.0, -2720.0, -420.0, -2220.0, -2520.0, -2920.0, -2720.0, -1420.0, 980.0, 380.0, 80.0, -6920.0, -2420.0, 1780.0, 1680.0, -3720.0, 1980.0, 1180.0, 180.0, 2380.0]}