{"timestamps": [1575841672.466683, 1575841676.440452, 1575841679.507263, 1575841681.942289, 1575841687.556211], "initial_reset_timestamp": 1575841668.555161, "episode_types": ["t", "t", "t", "t", "t"], "episode_lengths": [2, 3, 3, 2, 4], "episode_rewards": [-1020.0, -1120.0, -1020.0, -920.0, -1120.0]}